<application>
  <component name="AbbreviationManager">
    <abbreviations>
      <action id="createMr">
        <abbreviation name="cm" />
      </action>
      <action id="fastConfig">
        <abbreviation name="fc" />
      </action>
      <action id="myMr">
        <abbreviation name="mr" />
      </action>
      <action id="globalSettings">
        <abbreviation name="gs" />
      </action>
      <action id="ftIndexFix">
        <abbreviation name="fc" />
      </action>
      <action id="moduleManage">
        <abbreviation name="mm" />
      </action>
      <action id="addNewModule">
        <abbreviation name="am" />
      </action>
      <action id="codeSearch">
        <abbreviation name="cs" />
      </action>
      <action id="createBranch">
        <abbreviation name="cb" />
      </action>
      <action id="updateDependencies">
        <abbreviation name="ud" />
      </action>
      <action id="uploadConfig">
        <abbreviation name="uc" />
      </action>
    </abbreviations>
  </component>
</application>