<application>
  <component name="AndroidLogcatFilterHistory">
    <option name="mostRecentlyUsed" value="tag:FragmentUseWidgetListViewModel" />
    <option name="nonFavorites">
      <list>
        <option value="tag:FragmentUseWidgetListViewModel" />
        <option value="level:error " />
        <option value="tag:" />
        <option value="package:mine tag:FragmentUseWidgetListViewModel tag:FragmentUseWidgetListFragment tag:WidgetUseInfoRepository" />
        <option value="package:mine tag:FragmentUseWidgetListViewModel tag:FragmentUseWidgetListFragment" />
        <option value="package:mine tag:FragmentUseWidgetListViewModel" />
        <option value="package:mine" />
        <option value="package:mine level:info " />
        <option value="package:mine " />
        <option value="package:mine 当前" />
        <option value="package:mine MainActivity" />
        <option value="package:mine Action" />
        <option value="SecondAct" />
        <option value="FirstActivity" />
      </list>
    </option>
  </component>
</application>