<application>
  <component name="DBNavigator.Application.DatabaseDriverManager">
    <known-driver-classes>
      <library checksum="890783014" path="C:\Users\zackzhang\AppData\Roaming\Google\AndroidStudio2024.1\plugins\DBNavigator\lib\ext\bundled-jdbc-sqlite" driver-classes="org.sqlite.JDBC" />
    </known-driver-classes>
  </component>
  <component name="DBNavigator.Application.FileTypeService">
    <original-file-types />
  </component>
  <component name="DBNavigator.Application.PluginConflictManager">
    <plugin-conflict-prompted value="false" />
    <file-types-claimed value="false" />
  </component>
  <component name="DBNavigator.Application.PluginStatusManager">
    <plugin-statuses>
      <status project="D:/AndroidStudioProjects/larkDemo" dbn="PASSIVE" sql="MISSING" />
      <status project="D:/AndroidStudioProjects/NetWork" dbn="PASSIVE" sql="MISSING" />
      <status project="D:/FAST/larkoapi-sdk-java-demo" dbn="PASSIVE" sql="MISSING" />
      <status project="D:/FAST" dbn="PASSIVE" sql="MISSING" />
      <status project="D:/Fast1/FAST" dbn="PASSIVE" sql="MISSING" />
      <status project="D:/AndroidStudioProjects/MaterialTest" dbn="PASSIVE" sql="MISSING" />
      <status project="D:/AndroidStudioProjects/TouchColor" dbn="PASSIVE" sql="MISSING" />
      <status project="D:/AndroidStudioProjects/FragmentStudy" dbn="PASSIVE" sql="MISSING" />
      <status project="D:/AndroidStudioProjects/ThreeSaveTest" dbn="ACTIVE" sql="MISSING" />
      <status project="D:/AndroidStudioProjects/JetpackTest" dbn="PASSIVE" sql="MISSING" />
      <status project="DEFAULT" dbn="PASSIVE" sql="MISSING" />
    </plugin-statuses>
  </component>
  <component name="DBNavigator.Application.Settings">
    <diagnostics>
      <developer-mode>
        <timeout value="10" />
        <enabled value="false" />
      </developer-mode>
      <debug-logging failsafe-errors="false" database-access="false" database-resource="false" />
      <database-lag enabled="false" connectivity="2000" querying="2000" fetching="500" />
      <miscellaneous dialog-sizing-reset="false" bulk-actions-enabled="false" background-disposer-disabled="false" timeout-handling-disabled="false" />
    </diagnostics>
    <client-id value="2A3F9BA9EE3C4E3A8A52B9F9CFCF9FF7" />
  </component>
</application>