<application>
  <component name="UpdatesConfigurable">
    <option name="LAST_BUILD_CHECKED" value="AI-241.15989.150.2411.11948838" />
    <option name="LAST_TIME_CHECKED" value="1725183334167" />
    <option name="OBSOLETE_CUSTOM_REPOSITORIES_CLEAN_NEEDED" value="false" />
    <pluginHosts>
      <item value="http://172.24.17.168:8081/repository/futufiles/asPlugins/alpha/updateAlpha-louieawang_branch_plugin.xml" />
    </pluginHosts>
    <option name="THIRD_PARTY_PLUGINS_ALLOWED" value="true" />
  </component>
</application>