<application>
  <component name="Translation.Cache">
    <option name="lastTrimTime" value="1724667152641" />
  </component>
  <component name="Translation.States">
    <option name="pinTranslationDialog" value="true" />
    <option name="translationDialogHeight" value="260" />
    <option name="translationDialogLocationX" value="796" />
    <option name="translationDialogLocationY" value="462" />
    <histories>
      <item value="Field" />
      <item value="Fields" />
      <item value="Helper" />
      <item value="serve" />
      <item value="serive" />
      <item value="服务" />
      <item value="多维表格" />
      <item value="Some issues need review, and may require choosing a different dependency." />
      <item value="println(&quot;Hello, World!&quot;)" />
      <item value="insight" />
      <item value="bottom sheet" />
      <item value="Sheet" />
      <item value="Attach" />
      <item value="on sheet attach" />
      <item value="【WebView】离线包下载、更新成功率上报" />
      <item value="离线包下载、更新成功率上报" />
      <item value="Factory for calls, which can be used to send HTTP requests and read their responses. OkHttpClients Should Be Shared OkHttp performs best when you create a single OkHttpClient instance and reuse it for all of your HTTP calls. This is because each client holds its own connection pool and thread pools. Reusing connections and threads reduces latency and saves memory. Conversely, creating a client for each request wastes resources on idle pools. Use new OkHttpClient() to create a shared instance with the default settings:" />
      <item value="reified" />
      <item value="Creates a new array of the specified size, with all elements initialized to zero." />
      <item value="duration" />
      <item value="Non-canonical modifiers order" />
      <item value="PAGESPLATFORM" />
      <item value="Const 'val' initializer should be a constant value" />
      <item value="Specifies some aspects of the method behavior depending on the arguments. Can be used by tools for advanced data flow analysis. Note that this annotation just describes how the code works and doesn't add any functionality by means of code generation. Method contract has the following syntax: contract ::= (clause ';') clause clause ::= args '-&gt;' effect args ::= ((arg ',') arg )? arg ::= value-constraint value-constraint ::= 'any' | 'null' | '!null' | 'false' | 'true' effect ::= value-constraint | 'fail' The constraints denote the following:" />
      <item value="domain" />
      <item value="region" />
      <item value="'onScroll' overrides nothing" />
      <item value="adjustment" />
      <item value="adjustments" />
      <item value="toast_弱提示样式 动画调整" />
      <item value="Name shadowed: pageInde" />
      <item value="Handler" />
      <item value="Observable" />
      <item value="Repository" />
      <item value="Room cannot verify the data integrity. Looks like you've changed schema but forgot to update the version number." />
      <item value="Allows Room to destructively recreate database tables if Migrations that would migrate old database schemas to the latest schema version are not found. When the database version on the device does not match the latest schema version, Room runs necessary Migrations on the database. If it cannot find the set of Migrations that will bring the database to the current version, it will throw an IllegalStateException. You can call this method to change this behavior to re-create the database instead of crashing. If the database was create from an asset or a file then Room will try to use the same file to re-create the database, otherwise this will delete all of the data in the database tables managed by Room. To let Room fallback to destructive migration only during a schema downgrade then use fallbackToDestructiveMigrationOnDowngrade." />
      <item value="Marks a method in a Dao annotated class as an insert method. The implementation of the method will insert its parameters into the database. All of the parameters of the Insert method must either be classes annotated with Entity or collections array of it." />
      <item value="immediate" />
      <item value="Assignments are not expressions, and only expressions are allowed in this context" />
      <item value="on retry listener" />
      <item value="dismiss listener" />
      <item value="ScrollView can host only one direct child" />
      <item value="Unable to determine project Android Gradle Plugin (AGP) version." />
      <item value="Indicates that Lint should ignore the specified warnings for the annotated element." />
      <item value="Get the character offset on the specified line whose position is closest to the specified horizontal position." />
      <item value="Get the line number corresponding to the specified vertical position. If you ask for a position above 0, you get 0; if you ask for a position below the bottom of the text, you get the last line." />
      <item value="Gets the Layout that is currently being used to display the text. This value can be null if the text or width has recently changed. Returns: The Layout that is currently being used to display the text." />
      <item value="Return the scrolled left position of this view. This is the left edge of the displayed part of your view. You do not need to draw any pixels farther left, since those are outside of the frame of your view on screen." />
      <item value="padding" />
      <item value="Returns the total left padding of the view, including the left Drawable if any" />
    </histories>
    <option name="languageScores">
      <map>
        <entry key="ALBANIAN" value="2" />
        <entry key="CHINESE" value="157" />
        <entry key="DUTCH" value="1" />
        <entry key="ENGLISH" value="156" />
        <entry key="FILIPINO" value="2" />
        <entry key="SLOVENIAN" value="1" />
        <entry key="VIETNAMESE" value="1" />
      </map>
    </option>
  </component>
</application>